,id,title,url,score,num_comments,body,created,EST,date,time
1874259,eyoxvxv,Comment,cxyfvk,2.0,0.0,Serious answer: neuropeptides,2019-08-31 21:00:24,2019-09-01 00:00:24,2019-09-01,00:00:24
1345358,eyoy0uh,Comment,cy0rp4,14.0,0.0,"Go on YouTube and search for Guo Wengui. Whatever he predict don't have much evidence, but all came true. He explain predicted a bigger picture of the Hong Kong issue and what Trump will do. Interesting watch.",2019-08-31 21:01:29,2019-09-01 00:01:29,2019-09-01,00:01:29
1345356,eyoy8wa,Comment,cy0rp4,73.0,0.0,"Counter argument - if China doesn't tamp down on independence-loving protestors, and allows the situation to ""simmer"" in Hong Kong, the threat of other such protestors popping up in mainland Chinese municipalities grow. The Communist Party has to send a signal to the protestors if they intend on maintaining control throughout Communist China. If they do nothing, they look weak and helpless, and protests grow. If they tamper down on protests now, sends a signal to other revolutionaries, but the world community will ostracize China.  


Fortunately for us, outside of investing, this is great for us and sucks for the Communists. And if anything -- this is the time for the State Department to say we stand in solidarity with the protestors and continue to arm Taiwan.",2019-08-31 21:03:17,2019-09-01 00:03:17,2019-09-01,00:03:17
1662765,eyoyah3,Comment,cxzo3x,-1.0,0.0,[deleted],2019-08-31 21:03:39,2019-09-01 00:03:39,2019-09-01,00:03:39
3805376,eyoyaz9,Comment,cxjdch,1.0,0.0,4th degree?  Category 4.  Itâ€™s not a burn.  You losing money on your Grindr calls is a 4th degree burn,2019-08-31 21:03:46,2019-09-01 00:03:46,2019-09-01,00:03:46
722161,eyoytfw,Comment,cxxcvz,2.0,0.0,How do you think their earnings will do in November? Is it still worth buying now? Would a call option do well?,2019-08-31 21:09:18,2019-09-01 00:09:18,2019-09-01,00:09:18
2843405,eyoz06q,Comment,cxjme8,1.0,0.0,The cameras on the back look ugly as fuck. I donâ€™t think sales are going to go as well this time around.,2019-08-31 21:11:31,2019-09-01 00:11:31,2019-09-01,00:11:31
1874242,eyozdy8,Comment,cxyfvk,5.0,0.0,I do a ton of adderall,2019-08-31 21:16:08,2019-09-01 00:16:08,2019-09-01,00:16:08
4720033,eyozkmw,Comment,cxy333,9.0,0.0,"My sentiment exactly. I stayed cash over the weekend just in case trump pulls some sort of fuckery.  But come Tuesday as soon as I start to see spy fade (which it will) Iâ€™ll go heavy on 292 puts for Friday expiry, I expect them to be DEEP itm at some point that week. 

We have zero catalysts for that 294 break, and we faded right back through it on Friday.",2019-08-31 21:18:27,2019-09-01 00:18:27,2019-09-01,00:18:27
1452929,eyozwz8,Comment,cxm2sd,8.0,0.0,"This shits like methadone for a heroin addict, and itâ€™s borderline ban-able, but Weekend Dow is down ðŸ˜¬ðŸ˜¬ðŸ˜¬

https://www.ig.com/en/indices/markets-indices/weekend-wall-street",2019-08-31 21:22:34,2019-09-01 00:22:34,2019-09-01,00:22:34
3014678,eyp00an,Comment,cxowsx,1.0,0.0,"Which one of you assholes is in Frankfort, KY?  Don't think I've seen you on grinder",2019-08-31 21:23:40,2019-09-01 00:23:40,2019-09-01,00:23:40
4623499,eyp01j3,Comment,cxzq8b,4.0,0.0,Would calls on CRWD be a good idea after the recent decline in price?,2019-08-31 21:24:06,2019-09-01 00:24:06,2019-09-01,00:24:06
1453018,eyp04p0,Comment,cxm2sd,11.0,0.0,My uncle works at the stock market as a shredder. His job is to shred all options contracts that expire worthless. He just got a call from work and they said that this week will be very busy and time-offs are canceled for the next couple weeks. Looks like tons of options will expire worthless.,2019-08-31 21:25:09,2019-09-01 00:25:09,2019-09-01,00:25:09
4189558,eyp0d9c,Comment,cxvmqk,6.0,0.0,"Sell when IV increases further pre earnings release, last minute",2019-08-31 21:28:03,2019-09-01 00:28:03,2019-09-01,00:28:03
1874268,eyp0e0r,Comment,cxyfvk,1.0,0.0,Would use coke if I could find some around here but canâ€™t so generally just use vyvanse,2019-08-31 21:28:19,2019-09-01 00:28:19,2019-09-01,00:28:19
722155,eyp0k52,Comment,cxxcvz,3.0,0.0,remindme! 5 days,2019-08-31 21:30:23,2019-09-01 00:30:23,2019-09-01,00:30:23
1452765,eyp11qk,Comment,cxm2sd,13.0,0.0,"Iâ€™m an intern at SPY and this was my first full week of work, ask me anything",2019-08-31 21:36:23,2019-09-01 00:36:23,2019-09-01,00:36:23
303334,cy1bt6,I feel so bad for this kid while his dad is in prison.,,1.0,1.0,[deleted],2019-08-31 21:39:29,2019-09-01 00:39:29,2019-09-01,00:39:29
3289940,eyp1cmt,Comment,cy1bt6,1.0,0.0,maybe he doesn't know yet ??,2019-08-31 21:40:07,2019-09-01 00:40:07,2019-09-01,00:40:07
292054,cy1cc1,Things are happening at a corporate level right now,http://vm.tiktok.com/MFHa5C/,1.0,0.0,,2019-08-31 21:40:40,2019-09-01 00:40:40,2019-09-01,00:40:40
1452950,eyp1ed2,Comment,cxm2sd,18.0,0.0,"Just learned a lot from my uncle. I was dropping off stuff for my aunt and I asked her if she does anything with stocks, she said no, her husband does all of that and she knows very little. So while my uncle is sitting on the couch waiting for a football game, I start asking about the stock market. (They are business owners, they own several locations of their business in our large city.) Like any normal person I asked him for tips. He proceeded to tell me that he started trading with a large sum of money and anything he knows probably wouldnâ€™t apply to me, other than that I should thoroughly understand all the terms involved in trading. After 5 minutes of no progress in the conversation, I ask him how much he actually invests with ($1.2 Mil.) I was surprised, but not that much since theyâ€™re considerably wealthy. I asked how much he started with and it was $700k. I asked him how long it took him to grow that much (5 years). I went on to ask him what was his highest point (he is currently at his high) and what was his lowest point. His first two years he went from $700k to $130k and at some point he realized how to actually profit consistently. I asked him what he realized. This is when he grabs both sides of my face, looks me dead in the eyes and softly whispers â€œThe market is fake and ðŸŒˆâ€",2019-08-31 21:40:43,2019-09-01 00:40:43,2019-09-01,00:40:43
1452930,eyp1m09,Comment,cxm2sd,7.0,0.0,"@ u/Charles_Himself_

Chuckles, whatâ€™s our gold outlook this week? We still consolidating for a week or so?",2019-08-31 21:43:21,2019-09-01 00:43:21,2019-09-01,00:43:21
1452787,eyp1ubd,Comment,cxm2sd,11.0,0.0,So I said I would report back after trying White Claw last night but I failed to do so as I was pretty much wasted by 10p and passed out on the couch. Itâ€™s alright. Not the worst thing Iâ€™ve ever drank. I shall have it again tonight.,2019-08-31 21:46:09,2019-09-01 00:46:09,2019-09-01,00:46:09
686386,eyp2065,Comment,cxw18p,3.0,0.0,Not losing enough on options? Multiply your losses 50 times $SPY with futures lol,2019-08-31 21:48:09,2019-09-01 00:48:09,2019-09-01,00:48:09
4623508,eyp20s3,Comment,cxzq8b,1.0,0.0,Not sure what all this says. Can someone tell me if my 9/4 expiration SPY puts will be profitable? Theyâ€™re at 289 and 285. Thx.,2019-08-31 21:48:21,2019-09-01 00:48:21,2019-09-01,00:48:21
153535,cy1g5k,"Long $BYND, short $HeartDisease",https://www.reddit.com/r/wallstreetbets/comments/cy1g5k/long_bynd_short_heartdisease/,18.0,19.0,"Beyond Meat ain't just for vegans anymore! It caters to anyone who prefers their [heart attacks](https://www.marketwatch.com/story/eating-more-plant-based-foods-and-less-meat-could-help-you-live-longer-2019-08-13?mod=mw_quote_news) figurative, via Mango tweets.

On our way back over $200? In u/Miketheputz we trust!",2019-08-31 21:49:37,2019-09-01 00:49:37,2019-09-01,00:49:37
809374,eyp2ahw,Comment,cy1g5k,3.0,0.0,they canâ€™t control for sugar intake or whatever other bullshit you eat in epidemiological studies.  Donâ€™t take too much out of it.,2019-08-31 21:51:42,2019-09-01 00:51:42,2019-09-01,00:51:42
1452887,eyp2es7,Comment,cxm2sd,9.0,0.0,Can we run a algo to run and to find all /u/winkerpack alts when he goes offline after the storm hits FL?,2019-08-31 21:53:08,2019-09-01 00:53:08,2019-09-01,00:53:08
809371,eyp2hgg,Comment,cy1g5k,6.0,0.0,I saw u/Miketheputz and the possible short squeeze thesis ... might throw a few bucks at far OTMs ....,2019-08-31 21:54:03,2019-09-01 00:54:03,2019-09-01,00:54:03
1452888,eyp2mu8,Comment,cxm2sd,8.0,0.0,I'm gonna start a trading platform. Free trades. Unlimited tendies. The way I make my money. I never actually execute trades. Since everyone loses I win,2019-08-31 21:55:57,2019-09-01 00:55:57,2019-09-01,00:55:57
1452889,eyp2rew,Comment,cxm2sd,8.0,0.0,Just got meatballed Iâ€™m literally shaking and crying rn,2019-08-31 21:57:33,2019-09-01 00:57:33,2019-09-01,00:57:33
97888,cy1lbe,Hurricane play + human instinct,https://www.reddit.com/r/wallstreetbets/comments/cy1lbe/hurricane_play_human_instinct/,3.0,6.0,[removed],2019-08-31 22:01:03,2019-09-01 01:01:03,2019-09-01,01:01:03
4623497,eyp320i,Comment,cxzq8b,4.0,0.0,"RemindMe! 4 Days ""ADP report""",2019-08-31 22:01:14,2019-09-01 01:01:14,2019-09-01,01:01:14
4720036,eyp38v0,Comment,cxy333,4.0,0.0,"All this Mumbo Wumbo triple top / triple bottom talk has me not sure whether I should have a chub or be lubing my butthole, so I sold covered calls and bought puts because Orangina Fuckface",2019-08-31 22:03:32,2019-09-01 01:03:32,2019-09-01,01:03:32
1452987,eyp3a4h,Comment,cxm2sd,5.0,0.0,"Man this is literally a weekly thing now. Stay safe out there squad 

[https://www.reddit.com/r/news/comments/cy0xgd/active_shooter_near_twin_peaks_in_odessa_tx/?utm_source=share&utm_medium=ios_app](https://www.reddit.com/r/news/comments/cy0xgd/active_shooter_near_twin_peaks_in_odessa_tx/?utm_source=share&utm_medium=ios_app)",2019-08-31 22:03:59,2019-09-01 01:03:59,2019-09-01,01:03:59
1452830,eyp3n1o,Comment,cxm2sd,27.0,0.0,[deleted],2019-08-31 22:08:30,2019-09-01 01:08:30,2019-09-01,01:08:30
686404,eyp3n5k,Comment,cxw18p,1.0,0.0,"holy puc!! o_O

I could totally see RH will soon cater future trading to wsb's austists with hefty account balance like this one...",2019-08-31 22:08:32,2019-09-01 01:08:32,2019-09-01,01:08:32
69953,cy1qu6,Make the upvote green and the down vote red. Do it.,,1.0,0.0,[removed],2019-08-31 22:13:08,2019-09-01 01:13:08,2019-09-01,01:13:08
1874269,eyp4b3i,Comment,cxyfvk,1.0,0.0,DMT,2019-08-31 22:16:43,2019-09-01 01:16:43,2019-09-01,01:16:43
349761,cy1scm,Apple's lack of attention to detail will be its end.,https://www.reddit.com/r/wallstreetbets/comments/cy1scm/apples_lack_of_attention_to_detail_will_be_its_end/,23.0,24.0,They can't even get their favicons consistent: https://i.imgur.com/V70AKcF.png,2019-08-31 22:16:43,2019-09-01 01:16:43,2019-09-01,01:16:43
2623278,eyp4fo1,Comment,cy1scm,44.0,0.0,"Okay, buying puts expiring in a week",2019-08-31 22:18:18,2019-09-01 01:18:18,2019-09-01,01:18:18
1023738,eyp4loy,Comment,cxx5iy,1.0,0.0,I've been around long enough to be destroyed three times. But still I can kick your collective asses.,2019-08-31 22:20:25,2019-09-01 01:20:25,2019-09-01,01:20:25
2623285,eyp4mua,Comment,cy1scm,5.0,0.0,"Apple logo's? Or what am I looking at here?

Buying calls if it's just the logo's...",2019-08-31 22:20:48,2019-09-01 01:20:48,2019-09-01,01:20:48
1874231,eyp4pt3,Comment,cxyfvk,10.0,0.0,Stool softener and Metamucil,2019-08-31 22:21:50,2019-09-01 01:21:50,2019-09-01,01:21:50
2623281,eyp4ydw,Comment,cy1scm,42.0,0.0,"This is actually genius, because the subtle darker color catches your eye so you want to click on the store, where they take a cut of everything you purchase. On top of this, if you look closely, the icon also looks like an apple, which is clearly a nod to their founder Steve Jobs, who went on a diet of only fruit. This signals a return to their roots, which means their next product is likely another Ipod.",2019-08-31 22:24:51,2019-09-01 01:24:51,2019-09-01,01:24:51
1452816,eyp568y,Comment,cxm2sd,10.0,0.0,"Shootings, hurricanes, opioids,  tarrifs",2019-08-31 22:27:36,2019-09-01 01:27:36,2019-09-01,01:27:36
1874243,eyp56vp,Comment,cxyfvk,7.0,0.0,"300 mg rhodiola rosea

500 mg acetyl-L-carnitine

100 mg caffeine

200 mg L-theanine

200 mg alpha glycerylphosphorylcholine 

500 mg taurine

10 mg pyrroloquinoline quinone

50 mcg Huperzine A",2019-08-31 22:27:49,2019-09-01 01:27:49,2019-09-01,01:27:49
1452931,eyp5dlt,Comment,cxm2sd,6.0,0.0,"I hear a winka shout outa

**WHO LET THE ðŸ»S OUT**

Woof, woof, woof, woof, woof",2019-08-31 22:30:08,2019-09-01 01:30:08,2019-09-01,01:30:08
2623286,eyp5ely,Comment,cy1scm,10.0,0.0,"Apple says if you own 3 Apple devices, you're locked in to Apple forever.  After I read that, I started selling my Apple shit and migrating to Windows & Android.",2019-08-31 22:30:28,2019-09-01 01:30:28,2019-09-01,01:30:28
212163,cy1zl6,How To: Make Money and be a good guy,,2.0,2.0,[deleted],2019-08-31 22:32:45,2019-09-01 01:32:45,2019-09-01,01:32:45
294624,cy20fo,Put/Call ratio,https://www.reddit.com/r/wallstreetbets/comments/cy20fo/putcall_ratio/,12.0,31.0,"I've read a lot of posts about people going to YOLO on puts.  I'll save you a loss by pointing out that a high put/call ratio severely slows any drop.  Also, the most likely market response is a slow move up or sideways for a few days minimum while the smart guys sell theta.  It's very unlikely next week puts make money unless there is a major shock.",2019-08-31 22:34:38,2019-09-01 01:34:38,2019-09-01,01:34:38
5091702,eyp5w9y,Comment,cy20fo,5.0,0.0,Tariffs baby,2019-08-31 22:36:36,2019-09-01 01:36:36,2019-09-01,01:36:36
1452988,eyp5zyj,Comment,cxm2sd,6.0,0.0,So is WSB bearish or bullish on LULU.. seems like consensus is at 50/50 after ULTA,2019-08-31 22:37:51,2019-09-01 01:37:51,2019-09-01,01:37:51
1874246,eyp63vu,Comment,cxyfvk,4.0,0.0,"Sober hunger.

I smoke weed and the munchies are too distracting to be useful for trading, but when you're sober & really hungry you'll kill it at almost any high-level mental challenge, trading included as fuck.",2019-08-31 22:39:13,2019-09-01 01:39:13,2019-09-01,01:39:13
5091701,eyp64hh,Comment,cy20fo,29.0,0.0,You are not including the TRUMP factor,2019-08-31 22:39:24,2019-09-01 01:39:24,2019-09-01,01:39:24
5091703,eyp64k3,Comment,cy20fo,6.0,0.0,China retaliation leading to new trump retaliation 50% tariffs.,2019-08-31 22:39:26,2019-09-01 01:39:26,2019-09-01,01:39:26
269575,cy22s0,Bloomberg Spotlight: Flashing Yellow - Widening gap between two measures of U.S. sentiment has signaled past recessions,,6.0,10.0,[deleted],2019-08-31 22:39:48,2019-09-01 01:39:48,2019-09-01,01:39:48
809373,eyp67ov,Comment,cy1g5k,11.0,0.0,BYND meat is less healthy that 96% lean ground beef.    BYND has more calories and more fat.  Just because it is plant derived does not mean it is more healthy.,2019-08-31 22:40:31,2019-09-01 01:40:31,2019-09-01,01:40:31
3053688,eyp6cwt,Comment,cxnsm5,1.0,0.0,Ally gets excited too much. Chill,2019-08-31 22:42:18,2019-09-01 01:42:18,2019-09-01,01:42:18
1874270,eyp6hp7,Comment,cxyfvk,1.0,0.0,Adderall and full-throttle maybe modafinil. Makes it hard to be patient though.,2019-08-31 22:43:58,2019-09-01 01:43:58,2019-09-01,01:43:58
1345357,eyp6kp5,Comment,cy0rp4,10.0,0.0,"Don't worry, Beijing will fuck it all up before Oct 1, it's the 70th anniversary of the founding of China.",2019-08-31 22:45:05,2019-09-01 01:45:05,2019-09-01,01:45:05
5374875,eyp6oua,Comment,cxx8ef,1.0,0.0,See I want to use this and I bet I'll make money the market is nasty for rewarding horrible strategies. Then you you continue using them and it will work 100 times till the one time you put almost everything in and it doesn't. and you go again again and again trying this stupid autistic strategy and lose everything.,2019-08-31 22:46:36,2019-09-01 01:46:36,2019-09-01,01:46:36
1023744,eyp6psc,Comment,cxx5iy,-1.0,0.0,I didn't have money in my checking account but deposit into robinhood anyways and gambled it all into options and lost it all. I just have a negative amount on robinhood and delete the app.,2019-08-31 22:46:56,2019-09-01 01:46:56,2019-09-01,01:46:56
2889219,eyp6uny,Comment,cy22s0,8.0,0.0,[deleted],2019-08-31 22:48:43,2019-09-01 01:48:43,2019-09-01,01:48:43
1874271,eyp7btv,Comment,cxyfvk,1.0,0.0,Adderall + coffee,2019-08-31 22:55:03,2019-09-01 01:55:03,2019-09-01,01:55:03
2889217,eyp7jge,Comment,cy22s0,19.0,0.0,"I say we â€œtalk ourselvesâ€ into a recession and get it over with. Whoâ€™s with me?? Also, when should we buy puts?",2019-08-31 22:57:51,2019-09-01 01:57:51,2019-09-01,01:57:51
5374870,eyp7kqc,Comment,cxx8ef,1.0,0.0,"Just want to make it clear that when he says

>We (the mods) 

He isn't a mod, he's saying we'd have to help him to realize his autistic dreams. Which we probably won't because we're not officially endorsing something someone else hosts and doing Reddit API-related stuff like that.

OP, /u/swaggymedia if you want to do something like that it ought to be a Reddit bot that works on your own non-mod user, not some mod account we make for you. Also, usually we clamp down on stuff like this but your site is pretty nice. If you choose to start a newsletter or charge for it we'll have to do something tho, so pls be a lad and keep it as a free WSB resource or not at all.",2019-08-31 22:58:19,2019-09-01 01:58:19,2019-09-01,01:58:19
3857479,eyp7xd9,Comment,cy0qew,14.0,0.0,"Many REITs are commercial space, not residential. 

&#x200B;

You probably don't want residential in the first place - while dividents may be great to do climbing market prices/rents, they are typically shorter term and subject to more volatile movement. You want commercial space that is contracted for decades - hospitals, warehouses, etc.",2019-08-31 23:02:44,2019-09-01 02:02:44,2019-09-01,02:02:44
84887,cy2dwv,"Forget bitcoin, cannabis is the place to go, says US wealth advisor",https://www.cnbc.com/amp/2019/02/22/forget-bitcoin-cannabis-is-the-place-to-go-says-us-wealth-advisor.html,0.0,0.0,,2019-08-31 23:06:26,2019-09-01 02:06:26,2019-09-01,02:06:26
5091704,eyp887s,Comment,cy20fo,2.0,0.0,ðŸ‚,2019-08-31 23:06:37,2019-09-01 02:06:37,2019-09-01,02:06:37
161946,cy2edn,MANGO MAN WILL RISE AGAIN,,1.0,0.0,[deleted],2019-08-31 23:07:32,2019-09-01 02:07:32,2019-09-01,02:07:32
197113,cy2egx,Best/Funniest moments from the Elon Musk Jack Ma debate,,1.0,0.0,[deleted],2019-08-31 23:07:48,2019-09-01 02:07:48,2019-09-01,02:07:48
1452824,eyp8gh3,Comment,cxm2sd,19.0,0.0,"I'm preparing myself mentally for monday night, futures will be -1%, half of wsb will celebrate the incoming recession. Then 10 minutes before open, trump will tweet calling powell a tiny dick cuck and the market will price a 200bp cut and we will rally to 300 and my puts will expire worthless.",2019-08-31 23:09:35,2019-09-01 02:09:35,2019-09-01,02:09:35
1452989,eyp8lid,Comment,cxm2sd,7.0,0.0,"With the market crashing soon, anyone buying VIX calls with your SPY puts?  ðŸ˜‚",2019-08-31 23:11:26,2019-09-01 02:11:26,2019-09-01,02:11:26
1662764,eyp9514,Comment,cxzo3x,1.0,0.0,Juncker Macron n Boris are now steering more towards a deal brexit option arent they,2019-08-31 23:18:31,2019-09-01 02:18:31,2019-09-01,02:18:31
5091706,eyp987k,Comment,cy20fo,1.0,0.0,Incredible,2019-08-31 23:19:42,2019-09-01 02:19:42,2019-09-01,02:19:42
1452932,eyp98x6,Comment,cxm2sd,6.0,0.0,"In spirit of making evil money off hurricanes, y'all think Berkshire crashes a little when 89 year old Warren Buffet suddenly dies?",2019-08-31 23:19:58,2019-09-01 02:19:58,2019-09-01,02:19:58
1345369,eyp9apg,Comment,cy0rp4,-1.0,0.0,It's already happening..wtf you talking won't?,2019-08-31 23:20:38,2019-09-01 02:20:38,2019-09-01,02:20:38
1874228,eyp9ege,Comment,cxyfvk,13.0,0.0,"Carrots. I also use binoculars, if your trading with normal eye sight your at a disadvantage. Up your senses.",2019-08-31 23:22:02,2019-09-01 02:22:02,2019-09-01,02:22:02
2889220,eyp9kil,Comment,cy22s0,3.0,0.0,Typical WSB listening to a shitty failing bank.,2019-08-31 23:24:17,2019-09-01 02:24:17,2019-09-01,02:24:17
809370,eyp9q2k,Comment,cy1g5k,13.0,0.0,">short heart disease 

This retard clearly knows nothing about the American market",2019-08-31 23:26:19,2019-09-01 02:26:19,2019-09-01,02:26:19
686387,eypaavu,Comment,cxw18p,3.0,0.0,"You are correct, we all should ditch options and I'm glad you posted this because the truth is futures allow the kind of yolo's everybody is trying to do here with options, but without the decay and IV crap.

(I mean buying the futures direct, and not with options)

Anyway, I remember the futures guys earlier always posting about Ninja Trader and Stage 5 trading or something for futures, so have you looked into them??

I wonder how they are compared to Tasty..

But awesome job with the futures and Yeah, I love them too..

so much better than options.",2019-08-31 23:33:58,2019-09-01 02:33:58,2019-09-01,02:33:58
249208,cy2q5r,$LULU - Predictive earnings through social listening and sentiment analysis?,https://www.reddit.com/r/wallstreetbets/comments/cy2q5r/lulu_predictive_earnings_through_social_listening/,38.0,52.0,"Here's my thoughts and please challenge my assumptions; provide critical feedback. In the following, I will be using LULU as reference for this DD strategy.

All related consumer products are not equal: e.g. women do not typically go buy leggins at Target, and then make instagram posts about it. However, designer brands, like LULU have obsessive fans who think showing off leggings from them is ðŸ”¥ 

There are brand and market analytics products already out there called ""social media listening"" (sometimes, social media monitoring). They track keywords, hashtags, comments, FB, IG, Twitter, etc. They're typically used by brands themselves to understand consumer engagement, trends, promotions, sentiment. Furthermore, industry competitive analysis is typically supported as well. e.g. comparing #nike to #lululemon

I want to see if there are strong correlations using all social activity in the previous quarters and see if they can predict earnings sentiment / forward guidance. As stated above, I don't think this would work for all consumer brands though.

The leading software out there seems to be: Netbase, Sprinklr, and Synthesio - all of these seem to cost tens of thousands of dollars per year. I'm thinking of building my own and either leveraging Google Cloud or Azure for sentiment analysis of people posts/tweets/etc.

&#x200B;

Do you guys think this is worth the time to invest in?",2019-08-31 23:36:14,2019-09-01 02:36:14,2019-09-01,02:36:14
5091707,eypajh7,Comment,cy20fo,1.0,0.0,"Agree 100%, that's why you sell call spreads this week.  If we drop lower, then sell some otm put spreads for free money expiring this friday.",2019-08-31 23:37:10,2019-09-01 02:37:10,2019-09-01,02:37:10
2623284,eypamen,Comment,cy1scm,10.0,0.0,"Apple is going to go back up to $220-$230 atleast for 4th quarter. 

Watch.",2019-08-31 23:38:13,2019-09-01 02:38:13,2019-09-01,02:38:13
1874272,eypaoka,Comment,cxyfvk,1.0,0.0,Adderall!!,2019-08-31 23:39:02,2019-09-01 02:39:02,2019-09-01,02:39:02
1452825,eyparf2,Comment,cxm2sd,19.0,0.0,"So...the Hong Kong protests has escalated again this weekend. Trump does not seem interested in intervening, but Chinese media is hinting that ""outside forces"" are helping the protestors, and are heavily pumping out anti-democracy rhetoric.


Why is this relevant? Well, Hong Kong is a major finance center, and also China's lense into the outside world. There are literally thousands of US expats over there as well as 30% of China's GDP. It's how Chinese companies get access to the US and European markets as well.

Xi Jinping has 2 options to end this quickly...crush the protestors with military force, or capitulate and admit that protestors can threaten the Communist party's absolute control.

China's PLA (military) can absolutely crush the opposition e-z. That'll be Tiananmen Square level scandal though...actually probably more because of how much social media there is now. That will 100% guarantee cause a recession also. Hong Kong and it's autonomy would be absolutely crushed.
China won't be immune from the financial backlash...recession will be global and he won't have many tools to stimulate the economy, especially with trade war going on. 

If China backs off, that will threaten Xi's president for life status; and undermine the Communist party. The mainland will try propaganda damage control, but the taste of freedom will be infectious. They'll forever lose its grip of absolute control.",2019-08-31 23:40:06,2019-09-01 02:40:06,2019-09-01,02:40:06
2889218,eypat9e,Comment,cy22s0,4.0,0.0,[deleted],2019-08-31 23:40:46,2019-09-01 02:40:46,2019-09-01,02:40:46
686413,eypb100,Comment,cxw18p,1.0,0.0,[deleted],2019-08-31 23:43:35,2019-09-01 02:43:35,2019-09-01,02:43:35
5091709,eypbitj,Comment,cy20fo,-1.0,0.0,"if you so smart, why you ainâ€™t rich?",2019-08-31 23:50:00,2019-09-01 02:50:00,2019-09-01,02:50:00
3719492,eypblln,Comment,cy2q5r,1.0,0.0,Just use a notepad and a pencil,2019-08-31 23:51:02,2019-09-01 02:51:02,2019-09-01,02:51:02
265353,cy2wi1,"Major Brexit backer and Johnson donor has Â£300m in shorts on British stocks, previously made Â£200m betting against sterling in 2016",,1.0,0.0,[deleted],2019-08-31 23:51:52,2019-09-01 02:51:52,2019-09-01,02:51:52
3719485,eypbr19,Comment,cy2q5r,12.0,0.0,I thought this was Wendys,2019-08-31 23:53:02,2019-09-01 02:53:02,2019-09-01,02:53:02
3954134,eypbuq9,Comment,co31pq,25.0,0.0,R.I.P hero,2019-08-31 23:54:23,2019-09-01 02:54:23,2019-09-01,02:54:23
1452817,eypc5cq,Comment,cxm2sd,10.0,0.0,[deleted],2019-08-31 23:58:19,2019-09-01 02:58:19,2019-09-01,02:58:19
3719489,eypc74e,Comment,cy2q5r,2.0,0.0,"Deoends on how fast you can get it up and running. If you already have FB/Twitter/IG dev accounts and historical earning data (which shouldn't be hard to get), you're already 1/4 the way done.  You have two days ;)",2019-08-31 23:58:58,2019-09-01 02:58:58,2019-09-01,02:58:58
140112,cy2zs1,Time to bail on SPY put? Thoughts?,,1.0,0.0,[deleted],2019-09-01 00:00:24,2019-09-01 03:00:24,2019-09-01,03:00:24
3719482,eypcbcs,Comment,cy2q5r,40.0,0.0,[deleted],2019-09-01 00:00:33,2019-09-01 03:00:33,2019-09-01,03:00:33
3014679,eypco8p,Comment,cxowsx,1.0,0.0,"#LAGang

Wait...",2019-09-01 00:05:20,2019-09-01 03:05:20,2019-09-01,03:05:20
5133281,eypcqq2,Comment,cxrkel,3.0,0.0,"""It's not gambling if you win.""",2019-09-01 00:06:15,2019-09-01 03:06:15,2019-09-01,03:06:15
